[
  {
    "model": "mensa.utente",
    "pk": 1,
    "fields": {
      "last_login": null,
      "is_staff": false,
      "is_active": true,
      "date_joined": "2026-06-12T08:00:00Z",
      "groups": [],
      "user_permissions": [],
      "password": "pbkdf2_sha256$600000$unifoodSalt$tZ6QympC6phHEYz4NQVPTfV7xJRPzbAjlwTCg4OeCHs=",
      "username": "mario.rossi",
      "first_name": "Mario",
      "last_name": "Rossi",
      "email": "mario.rossi@studenti.uni.it",
      "ruolo": "studente",
      "is_superuser": false
    }
  },
  {
    "model": "mensa.utente",
    "pk": 2,
    "fields": {
      "last_login": null,
      "is_staff": false,
      "is_active": true,
      "date_joined": "2026-06-12T08:00:00Z",
      "groups": [],
      "user_permissions": [],
      "password": "pbkdf2_sha256$600000$unifoodSalt$tZ6QympC6phHEYz4NQVPTfV7xJRPzbAjlwTCg4OeCHs=",
      "username": "giulia.bianchi",
      "first_name": "Giulia",
      "last_name": "Bianchi",
      "email": "giulia.bianchi@studenti.uni.it",
      "ruolo": "studente",
      "is_superuser": false
    }
  },
  {
    "model": "mensa.utente",
    "pk": 3,
    "fields": {
      "last_login": null,
      "is_staff": false,
      "is_active": true,
      "date_joined": "2026-06-12T08:00:00Z",
      "groups": [],
      "user_permissions": [],
      "password": "pbkdf2_sha256$600000$unifoodSalt$tZ6QympC6phHEYz4NQVPTfV7xJRPzbAjlwTCg4OeCHs=",
      "username": "op.mensa.centrale",
      "first_name": "Luca",
      "last_name": "Verdi",
      "email": "luca.verdi@uni.it",
      "ruolo": "operatore_mensa",
      "is_superuser": false
    }
  },
  {
    "model": "mensa.utente",
    "pk": 4,
    "fields": {
      "last_login": null,
      "is_staff": false,
      "is_active": true,
      "date_joined": "2026-06-12T08:00:00Z",
      "groups": [],
      "user_permissions": [],
      "password": "pbkdf2_sha256$600000$unifoodSalt$tZ6QympC6phHEYz4NQVPTfV7xJRPzbAjlwTCg4OeCHs=",
      "username": "op.mensa.ingegneria",
      "first_name": "Sara",
      "last_name": "Neri",
      "email": "sara.neri@uni.it",
      "ruolo": "operatore_mensa",
      "is_superuser": false
    }
  },
  {
    "model": "mensa.utente",
    "pk": 5,
    "fields": {
      "last_login": null,
      "is_staff": true,
      "is_active": true,
      "date_joined": "2026-06-12T08:00:00Z",
      "groups": [],
      "user_permissions": [],
      "password": "pbkdf2_sha256$600000$unifoodSalt$tZ6QympC6phHEYz4NQVPTfV7xJRPzbAjlwTCg4OeCHs=",
      "username": "admin.mensa",
      "first_name": "Anna",
      "last_name": "Costa",
      "email": "anna.costa@uni.it",
      "ruolo": "amministratore",
      "is_superuser": false
    }
  },
  {
    "model": "mensa.utente",
    "pk": 6,
    "fields": {
      "last_login": null,
      "is_staff": true,
      "is_active": true,
      "date_joined": "2026-06-12T08:00:00Z",
      "groups": [],
      "user_permissions": [],
      "password": "pbkdf2_sha256$600000$adminSalt$hpgyOe9OXJMPH6+VV3hYafaIjs70EtL36NIWMSNTQWM=",
      "username": "admin",
      "first_name": "Admin",
      "last_name": "Django",
      "email": "admin@uni.it",
      "ruolo": "amministratore",
      "is_superuser": true
    }
  },
  {
    "model": "mensa.mensa",
    "pk": 1,
    "fields": {
      "nome": "Mensa Centrale",
      "edificio": "Edificio A",
      "indirizzo": "Via Università 1",
      "orario_apertura": "11:30:00",
      "orario_chiusura": "19:00:00",
      "attiva": true
    }
  },
  {
    "model": "mensa.mensa",
    "pk": 2,
    "fields": {
      "nome": "Mensa Ingegneria",
      "edificio": "Polo Ingegneria",
      "indirizzo": "Via delle Scienze 10",
      "orario_apertura": "12:00:00",
      "orario_chiusura": "19:30:00",
      "attiva": true
    }
  },
  {
    "model": "mensa.mensa",
    "pk": 3,
    "fields": {
      "nome": "Mensa Economia",
      "edificio": "Polo Economia",
      "indirizzo": "Via dei Mercati 5",
      "orario_apertura": "11:45:00",
      "orario_chiusura": "18:30:00",
      "attiva": true
    }
  },
  {
    "model": "mensa.studente",
    "pk": 1,
    "fields": {
      "utente": 1,
      "matricola": "S0001",
      "corso_studi": "Informatica",
      "anno_corso": 2,
      "data_registrazione": "2026-06-12"
    }
  },
  {
    "model": "mensa.studente",
    "pk": 2,
    "fields": {
      "utente": 2,
      "matricola": "S0002",
      "corso_studi": "Economia",
      "anno_corso": 1,
      "data_registrazione": "2026-06-12"
    }
  },
  {
    "model": "mensa.operatoremensa",
    "pk": 1,
    "fields": {
      "utente": 3,
      "mensa": 1,
      "codice_operatore": "OP-CEN-001",
      "mansione": "Responsabile distribuzione",
      "data_assunzione": "2025-09-01"
    }
  },
  {
    "model": "mensa.operatoremensa",
    "pk": 2,
    "fields": {
      "utente": 4,
      "mensa": 2,
      "codice_operatore": "OP-ING-001",
      "mansione": "Addetta banco",
      "data_assunzione": "2025-10-01"
    }
  },
  {
    "model": "mensa.amministratore",
    "pk": 1,
    "fields": {
      "utente": 5,
      "area_responsabilita": "Gestione mense e segnalazioni"
    }
  },
  {
    "model": "mensa.amministratore",
    "pk": 2,
    "fields": {
      "utente": 6,
      "area_responsabilita": "Supervisione tecnica"
    }
  },
  {
    "model": "mensa.categoriaalimento",
    "pk": 1,
    "fields": {
      "nome": "Primo",
      "descrizione": "Categoria primo."
    }
  },
  {
    "model": "mensa.categoriaalimento",
    "pk": 2,
    "fields": {
      "nome": "Secondo",
      "descrizione": "Categoria secondo."
    }
  },
  {
    "model": "mensa.categoriaalimento",
    "pk": 3,
    "fields": {
      "nome": "Contorno",
      "descrizione": "Categoria contorno."
    }
  },
  {
    "model": "mensa.categoriaalimento",
    "pk": 4,
    "fields": {
      "nome": "Dolce",
      "descrizione": "Categoria dolce."
    }
  },
  {
    "model": "mensa.categoriaalimento",
    "pk": 5,
    "fields": {
      "nome": "Bevanda",
      "descrizione": "Categoria bevanda."
    }
  },
  {
    "model": "mensa.categoriaalimento",
    "pk": 6,
    "fields": {
      "nome": "Snack",
      "descrizione": "Categoria snack."
    }
  },
  {
    "model": "mensa.allergene",
    "pk": 1,
    "fields": {
      "nome": "Glutine",
      "descrizione": "Allergene Glutine."
    }
  },
  {
    "model": "mensa.allergene",
    "pk": 2,
    "fields": {
      "nome": "Lattosio",
      "descrizione": "Allergene Lattosio."
    }
  },
  {
    "model": "mensa.allergene",
    "pk": 3,
    "fields": {
      "nome": "Uova",
      "descrizione": "Allergene Uova."
    }
  },
  {
    "model": "mensa.allergene",
    "pk": 4,
    "fields": {
      "nome": "Soia",
      "descrizione": "Allergene Soia."
    }
  },
  {
    "model": "mensa.allergene",
    "pk": 5,
    "fields": {
      "nome": "Frutta a guscio",
      "descrizione": "Allergene Frutta a guscio."
    }
  },
  {
    "model": "mensa.allergene",
    "pk": 6,
    "fields": {
      "nome": "Sedano",
      "descrizione": "Allergene Sedano."
    }
  },
  {
    "model": "mensa.prodottoalimentare",
    "pk": 1,
    "fields": {
      "categoria": 1,
      "nome": "Pasta al pomodoro",
      "descrizione": "Pasta con salsa di pomodoro.",
      "vegetariano": true,
      "vegano": false,
      "attivo": true
    }
  },
  {
    "model": "mensa.prodottoallergene",
    "pk": 1,
    "fields": {
      "prodotto": 1,
      "allergene": 1
    }
  },
  {
    "model": "mensa.prodottoalimentare",
    "pk": 2,
    "fields": {
      "categoria": 1,
      "nome": "Riso con verdure",
      "descrizione": "Riso con verdure di stagione.",
      "vegetariano": true,
      "vegano": true,
      "attivo": true
    }
  },
  {
    "model": "mensa.prodottoalimentare",
    "pk": 3,
    "fields": {
      "categoria": 2,
      "nome": "Pollo al forno",
      "descrizione": "Secondo di pollo al forno.",
      "vegetariano": false,
      "vegano": false,
      "attivo": true
    }
  },
  {
    "model": "mensa.prodottoalimentare",
    "pk": 4,
    "fields": {
      "categoria": 3,
      "nome": "Insalata mista",
      "descrizione": "Insalata fresca.",
      "vegetariano": true,
      "vegano": true,
      "attivo": true
    }
  },
  {
    "model": "mensa.prodottoallergene",
    "pk": 2,
    "fields": {
      "prodotto": 4,
      "allergene": 6
    }
  },
  {
    "model": "mensa.prodottoalimentare",
    "pk": 5,
    "fields": {
      "categoria": 4,
      "nome": "Yogurt",
      "descrizione": "Yogurt bianco.",
      "vegetariano": true,
      "vegano": false,
      "attivo": true
    }
  },
  {
    "model": "mensa.prodottoallergene",
    "pk": 3,
    "fields": {
      "prodotto": 5,
      "allergene": 2
    }
  },
  {
    "model": "mensa.prodottoalimentare",
    "pk": 6,
    "fields": {
      "categoria": 4,
      "nome": "Crostata",
      "descrizione": "Crostata alla confettura.",
      "vegetariano": true,
      "vegano": false,
      "attivo": true
    }
  },
  {
    "model": "mensa.prodottoallergene",
    "pk": 4,
    "fields": {
      "prodotto": 6,
      "allergene": 1
    }
  },
  {
    "model": "mensa.prodottoallergene",
    "pk": 5,
    "fields": {
      "prodotto": 6,
      "allergene": 3
    }
  },
  {
    "model": "mensa.lottoinvenduto",
    "pk": 1,
    "fields": {
      "mensa": 1,
      "prodotto": 1,
      "operatore": 1,
      "quantita_iniziale": 8,
      "quantita_disponibile": 7,
      "data_pubblicazione": "2030-06-12",
      "data_scadenza": "2030-06-13",
      "ora_inizio_ritiro": "17:00:00",
      "ora_fine_ritiro": "18:00:00",
      "prezzo_simbolico": "1.50",
      "stato": "disponibile",
      "note": "Ritiro presso banco laterale."
    }
  },
  {
    "model": "mensa.lottoinvenduto",
    "pk": 2,
    "fields": {
      "mensa": 1,
      "prodotto": 4,
      "operatore": 1,
      "quantita_iniziale": 5,
      "quantita_disponibile": 5,
      "data_pubblicazione": "2030-06-12",
      "data_scadenza": "2030-06-13",
      "ora_inizio_ritiro": "17:00:00",
      "ora_fine_ritiro": "18:00:00",
      "prezzo_simbolico": "1.00",
      "stato": "disponibile",
      "note": ""
    }
  },
  {
    "model": "mensa.lottoinvenduto",
    "pk": 3,
    "fields": {
      "mensa": 2,
      "prodotto": 2,
      "operatore": 2,
      "quantita_iniziale": 6,
      "quantita_disponibile": 4,
      "data_pubblicazione": "2030-06-12",
      "data_scadenza": "2030-06-13",
      "ora_inizio_ritiro": "18:00:00",
      "ora_fine_ritiro": "19:00:00",
      "prezzo_simbolico": "1.50",
      "stato": "disponibile",
      "note": ""
    }
  },
  {
    "model": "mensa.lottoinvenduto",
    "pk": 4,
    "fields": {
      "mensa": 3,
      "prodotto": 5,
      "operatore": 1,
      "quantita_iniziale": 10,
      "quantita_disponibile": 9,
      "data_pubblicazione": "2030-06-12",
      "data_scadenza": "2030-06-13",
      "ora_inizio_ritiro": "16:30:00",
      "ora_fine_ritiro": "17:30:00",
      "prezzo_simbolico": "0.50",
      "stato": "disponibile",
      "note": "Conservare in frigo."
    }
  },
  {
    "model": "mensa.lottoinvenduto",
    "pk": 5,
    "fields": {
      "mensa": 1,
      "prodotto": 6,
      "operatore": 1,
      "quantita_iniziale": 4,
      "quantita_disponibile": 0,
      "data_pubblicazione": "2026-06-11",
      "data_scadenza": "2026-06-11",
      "ora_inizio_ritiro": "17:00:00",
      "ora_fine_ritiro": "18:00:00",
      "prezzo_simbolico": "1.00",
      "stato": "esaurito",
      "note": "Lotto storico."
    }
  },
  {
    "model": "mensa.prenotazione",
    "pk": 1,
    "fields": {
      "studente": 1,
      "lotto": 1,
      "quantita": 1,
      "stato": "ritirata",
      "data_prenotazione": "2030-06-12T09:10:00Z"
    }
  },
  {
    "model": "mensa.prenotazione",
    "pk": 2,
    "fields": {
      "studente": 2,
      "lotto": 3,
      "quantita": 2,
      "stato": "ritirata",
      "data_prenotazione": "2030-06-12T09:20:00Z"
    }
  },
  {
    "model": "mensa.prenotazione",
    "pk": 3,
    "fields": {
      "studente": 1,
      "lotto": 4,
      "quantita": 1,
      "stato": "attiva",
      "data_prenotazione": "2030-06-12T10:00:00Z"
    }
  },
  {
    "model": "mensa.ritiro",
    "pk": 1,
    "fields": {
      "prenotazione": 1,
      "operatore": 1,
      "data_ora_ritiro": "2030-06-12T15:20:00Z",
      "esito": "consegnato",
      "note": "Ritiro completato."
    }
  },
  {
    "model": "mensa.ritiro",
    "pk": 2,
    "fields": {
      "prenotazione": 2,
      "operatore": 2,
      "data_ora_ritiro": "2030-06-12T16:15:00Z",
      "esito": "consegnato",
      "note": "Ritiro completato."
    }
  },
  {
    "model": "mensa.recensionemensa",
    "pk": 1,
    "fields": {
      "studente": 1,
      "mensa": 1,
      "prenotazione": 1,
      "voto": 5,
      "commento": "Servizio rapido.",
      "data_inserimento": "2030-06-12T18:00:00Z"
    }
  },
  {
    "model": "mensa.recensionemensa",
    "pk": 2,
    "fields": {
      "studente": 2,
      "mensa": 2,
      "prenotazione": 2,
      "voto": 4,
      "commento": "Ritiro ordinato.",
      "data_inserimento": "2030-06-12T18:30:00Z"
    }
  },
  {
    "model": "mensa.segnalazione",
    "pk": 1,
    "fields": {
      "prenotazione": 3,
      "autore": 1,
      "amministratore": null,
      "titolo": "Prenotazione non trovata al banco",
      "descrizione": "Difficoltà nel trovare la prenotazione.",
      "stato": "aperta",
      "esito": "",
      "data_apertura": "2030-06-12T11:00:00Z",
      "data_chiusura": null
    }
  },
  {
    "model": "mensa.segnalazione",
    "pk": 2,
    "fields": {
      "prenotazione": 1,
      "autore": 1,
      "amministratore": 1,
      "titolo": "Allergeni poco visibili",
      "descrizione": "Richiesta maggiore chiarezza.",
      "stato": "chiusa",
      "esito": "Scheda prodotto aggiornata.",
      "data_apertura": "2030-06-12T12:00:00Z",
      "data_chiusura": "2030-06-12T13:00:00Z"
    }
  }
]